{"cameraMode":{"drawMode":0,"name":"Shaded","section":"Shading Mode"},"sceneLighting":true,"audioPlay":false,"sceneViewState":{"m_AlwaysRefresh":false,"showFog":true,"showSkybox":true,"showFlares":true,"showImageEffects":true,"showParticleSystems":true,"showVisualEffectGraphs":true,"m_FxEnabled":true},"in2DMode":false,"pivot":{"x":-10.692540168762207,"y":7.257865905761719,"z":16.721359252929689},"rotation":{"x":0.42332208156585696,"y":-0.032595887780189517,"z":0.015258009545505047,"w":0.9052985906600952},"size":40.206485748291019,"orthographic":true}